use homit;

/*Catalog - Container*/
INSERT INTO `catalog_packaging_containers` (id, name) VALUES(15, "jug");
INSERT INTO `catalog_packaging_containers` (id, name) VALUES(16, "case");
INSERT INTO `catalog_packaging_containers` (id, name) VALUES(17, "tetra pak");
INSERT INTO `catalog_packaging_containers` (id, name) VALUES(18, "wrapped");

/*Catalog - Volume*/
INSERT INTO `catalog_packaging_volumes` (id, name) VALUES(200, "116g");
INSERT INTO `catalog_packaging_volumes` (id, name) VALUES(201, "140g");
INSERT INTO `catalog_packaging_volumes` (id, name) VALUES(202, "148g");
INSERT INTO `catalog_packaging_volumes` (id, name) VALUES(203, "146g");
INSERT INTO `catalog_packaging_volumes` (id, name) VALUES(204, "193g");
INSERT INTO `catalog_packaging_volumes` (id, name) VALUES(205, "118g");
INSERT INTO `catalog_packaging_volumes` (id, name) VALUES(206, "93g");
INSERT INTO `catalog_packaging_volumes` (id, name) VALUES(207, "480g");
INSERT INTO `catalog_packaging_volumes` (id, name) VALUES(208, "475g");
INSERT INTO `catalog_packaging_volumes` (id, name) VALUES(209, "168g");
INSERT INTO `catalog_packaging_volumes` (id, name) VALUES(210, "306g");
INSERT INTO `catalog_packaging_volumes` (id, name) VALUES(211, "12ea");
INSERT INTO `catalog_packaging_volumes` (id, name) VALUES(212, "562ml");
INSERT INTO `catalog_packaging_volumes` (id, name) VALUES(213, "521g");

/*Catalog - Category*/
INSERT INTO `catalog_categories` (id, name, display_name) VALUES(21, "dairy", "Dairy");
INSERT INTO `catalog_categories` (id, name, display_name) VALUES(22, "deli-and-meat", "Deli and Meat");
INSERT INTO `catalog_categories` (id, name, display_name) VALUES(23, "frozen-food", "Frozen Food");

/*Catalog - Subcategory*/
INSERT INTO `catalog_subcategories` (id, name, category_id) VALUES(144, "Pizza Station", "9");
INSERT INTO `catalog_subcategories` (id, name, category_id) VALUES(145, "Cheese", "21");
INSERT INTO `catalog_subcategories` (id, name, category_id) VALUES(146, "Fresh Milk", "21");
INSERT INTO `catalog_subcategories` (id, name, category_id) VALUES(147, "Sausage", "22");
INSERT INTO `catalog_subcategories` (id, name, category_id) VALUES(148, "Smoked Meat", "22");
INSERT INTO `catalog_subcategories` (id, name, category_id) VALUES(149, "Eggs", "22");
INSERT INTO `catalog_subcategories` (id, name, category_id) VALUES(150, "Ravioli", "23");
INSERT INTO `catalog_subcategories` (id, name, category_id) VALUES(151, "Ice Cream", "5");

/*Catalog - Type*/
INSERT INTO `catalog_types` (id, name, subcategory_id) VALUES(874, "Pizza Dough", "144");
INSERT INTO `catalog_types` (id, name, subcategory_id) VALUES(875, "Pizza Toppings", "144");
INSERT INTO `catalog_types` (id, name, subcategory_id) VALUES(876, "Bocconcini", "145");
INSERT INTO `catalog_types` (id, name, subcategory_id) VALUES(877, "Fontina", "145");
INSERT INTO `catalog_types` (id, name, subcategory_id) VALUES(878, "Friulano", "145");
INSERT INTO `catalog_types` (id, name, subcategory_id) VALUES(879, "Mixed Cheese", "145");
INSERT INTO `catalog_types` (id, name, subcategory_id) VALUES(880, "Mozzarella", "145");
INSERT INTO `catalog_types` (id, name, subcategory_id) VALUES(881, "Plain Cheese", "145");
INSERT INTO `catalog_types` (id, name, subcategory_id) VALUES(882, "Provolone", "145");
INSERT INTO `catalog_types` (id, name, subcategory_id) VALUES(883, "Smoke flavoured", "145");
INSERT INTO `catalog_types` (id, name, subcategory_id) VALUES(884, "2% Skimmed milk", "146");
INSERT INTO `catalog_types` (id, name, subcategory_id) VALUES(885, "3.25% Homogenized milk", "146");
INSERT INTO `catalog_types` (id, name, subcategory_id) VALUES(886, "Grass Fed", "146");
INSERT INTO `catalog_types` (id, name, subcategory_id) VALUES(887, "Organic milk", "146");
INSERT INTO `catalog_types` (id, name, subcategory_id) VALUES(888, "1% Skimmed Milk", "146");
INSERT INTO `catalog_types` (id, name, subcategory_id) VALUES(889, "Mortadella", "147");
INSERT INTO `catalog_types` (id, name, subcategory_id) VALUES(890, "Salami", "147");
INSERT INTO `catalog_types` (id, name, subcategory_id) VALUES(891, "Pepperoni", "147");
INSERT INTO `catalog_types` (id, name, subcategory_id) VALUES(892, "Pork sausage", "147");
INSERT INTO `catalog_types` (id, name, subcategory_id) VALUES(893, "Sudjuck", "147");
INSERT INTO `catalog_types` (id, name, subcategory_id) VALUES(894, "Prosciutto 18 months", "148");
INSERT INTO `catalog_types` (id, name, subcategory_id) VALUES(895, "Brown Eggs", "149");
INSERT INTO `catalog_types` (id, name, subcategory_id) VALUES(896, "Beef ravioli", "150");
INSERT INTO `catalog_types` (id, name, subcategory_id) VALUES(897, "Mushroom ravioli", "150");
INSERT INTO `catalog_types` (id, name, subcategory_id) VALUES(898, "Chicken & sundried tomato ravioli ravioli", "150");
INSERT INTO `catalog_types` (id, name, subcategory_id) VALUES(899, "Lamb ravioli", "150");
INSERT INTO `catalog_types` (id, name, subcategory_id) VALUES(900, "Four cheese ravioli", "150");
INSERT INTO `catalog_types` (id, name, subcategory_id) VALUES(901, "Dairy-Free Strawberry Rhubarb", "151");
INSERT INTO `catalog_types` (id, name, subcategory_id) VALUES(902, "Dairy-Free Zesty Lemon", "151");
INSERT INTO `catalog_types` (id, name, subcategory_id) VALUES(903, "Dairy-Free Mango Pineaapple", "151");
INSERT INTO `catalog_types` (id, name, subcategory_id) VALUES(904, "Dairy-Free Creamy Coconut", "151");
INSERT INTO `catalog_types` (id, name, subcategory_id) VALUES(905, "Dairy-Free Raspberry Lime", "151");
INSERT INTO `catalog_types` (id, name, subcategory_id) VALUES(906, "Dairy-Free Salted Caramel", "151");
INSERT INTO `catalog_types` (id, name, subcategory_id) VALUES(907, "Dairy-Free Frozen Hot Chocolate", "151");
INSERT INTO `catalog_types` (id, name, subcategory_id) VALUES(908, "Dairy-Free Caramel Sea Salt", "151");
INSERT INTO `catalog_types` (id, name, subcategory_id) VALUES(909, "Dairy-Free Blueberry Basil", "151");

/*Catalog - Listing*/
INSERT INTO `catalog_listings`(id, brand, name, type_id) VALUES (1291, "Lina's Italian", "Hot Peppers ", 875);
INSERT INTO `catalog_listings`(id, brand, name, type_id) VALUES (1292, "Lina's Italian", "Black Dry Infornate", 875);
INSERT INTO `catalog_listings`(id, brand, name, type_id) VALUES (1293, "Lina's Italian", "B. B. Q. Peppers", 875);
INSERT INTO `catalog_listings`(id, brand, name, type_id) VALUES (1294, "Lina's Italian", "Kalamata Pitted", 875);
INSERT INTO `catalog_listings`(id, brand, name, type_id) VALUES (1295, "Lina's Italian", "Eggplant Hot Pickled", 875);
INSERT INTO `catalog_listings`(id, brand, name, type_id) VALUES (1296, "Lina's Italian", "Sliced Black Olives", 875);
INSERT INTO `catalog_listings`(id, brand, name, type_id) VALUES (1297, "Lina's Italian", "Olive Taggiasche", 875);
INSERT INTO `catalog_listings`(id, brand, name, type_id) VALUES (1298, "Lina's Italian", "Organic Samarelli Olives", 875);
INSERT INTO `catalog_listings`(id, brand, name, type_id) VALUES (1299, "Lina's Italian", "Mozarella", 875);
INSERT INTO `catalog_listings`(id, brand, name, type_id) VALUES (1300, "Lina's Italian", "Parmesan Shredded", 875);
INSERT INTO `catalog_listings`(id, brand, name, type_id) VALUES (1301, "Lina's Italian", "Mozarella Shredded", 875);
INSERT INTO `catalog_listings`(id, brand, name, type_id) VALUES (1302, "Lina's Italian", "Pizza Pepperoni", 875);
INSERT INTO `catalog_listings`(id, brand, name, type_id) VALUES (1303, "Lina's Italian", "Calabrese Sopressata", 875);
INSERT INTO `catalog_listings`(id, brand, name, type_id) VALUES (1304, "Lina's Italian", "All Beef Salami", 875);
INSERT INTO `catalog_listings`(id, brand, name, type_id) VALUES (1305, "Lina's Italian", "Proscuitto", 875);
INSERT INTO `catalog_listings`(id, brand, name, type_id) VALUES (1306, "Lina's Italian", "Genoa Salami Mild", 875);
INSERT INTO `catalog_listings`(id, brand, name, type_id) VALUES (1307, "Lina's Italian", "Lina's Pizza Sauce with herbs", 875);
INSERT INTO `catalog_listings`(id, brand, name, type_id) VALUES (1308, "Saputo", "Caciocavallo (Smoked)", 883);
INSERT INTO `catalog_listings`(id, brand, name, type_id) VALUES (1309, "Salerno", "Provoloncino", 882);
INSERT INTO `catalog_listings`(id, brand, name, type_id) VALUES (1310, "The Laughing Cow", "Party Cubes", 881);
INSERT INTO `catalog_listings`(id, brand, name, type_id) VALUES (1311, "The Laughing Cow", "Party Cubes (variety pack)", 879);
INSERT INTO `catalog_listings`(id, brand, name, type_id) VALUES (1312, "Emma", "Provolone", 882);
INSERT INTO `catalog_listings`(id, brand, name, type_id) VALUES (1313, "Salerno", "Friulano", 878);
INSERT INTO `catalog_listings`(id, brand, name, type_id) VALUES (1314, "Anna's Country Kitchen", "Fontina", 877);
INSERT INTO `catalog_listings`(id, brand, name, type_id) VALUES (1315, "San Daniele", "Mortadella", 889);
INSERT INTO `catalog_listings`(id, brand, name, type_id) VALUES (1316, "Lina's Market", "Beef Ravioli", 896);
INSERT INTO `catalog_listings`(id, brand, name, type_id) VALUES (1317, "Lina's Market", "Mushrooms Ravioli", 897);
INSERT INTO `catalog_listings`(id, brand, name, type_id) VALUES (1318, "Lina's Market", "Chicken & Sundried Tomato Ravioli", 898);
INSERT INTO `catalog_listings`(id, brand, name, type_id) VALUES (1319, "Lina's Market", "Lamb Ravioli", 899);
INSERT INTO `catalog_listings`(id, brand, name, type_id) VALUES (1320, "Lina's Market", "Four Cheese Ravioli", 900);
INSERT INTO `catalog_listings`(id, brand, name, type_id) VALUES (1321, "Leoncini", "Prosciutto Di Parma", 894);
INSERT INTO `catalog_listings`(id, brand, name, type_id) VALUES (1322, "Lina's Market", "Salami with Truffle", 890);
INSERT INTO `catalog_listings`(id, brand, name, type_id) VALUES (1323, "Mastro", "Genoa Salami (Hot)", 890);
INSERT INTO `catalog_listings`(id, brand, name, type_id) VALUES (1324, "Mastro", "Genoa Salami ", 890);
INSERT INTO `catalog_listings`(id, brand, name, type_id) VALUES (1325, "Lina's Market", "Smoked Beef Pepperoni", 891);
INSERT INTO `catalog_listings`(id, brand, name, type_id) VALUES (1326, "Lina's Market", "Hungarian Pork Sausage ", 892);
INSERT INTO `catalog_listings`(id, brand, name, type_id) VALUES (1327, "Lina's Market", "Beef Sudjuck", 893);
INSERT INTO `catalog_listings`(id, brand, name, type_id) VALUES (1328, "Britestone Farming", "Large Brown Eggs", 895);
INSERT INTO `catalog_listings`(id, brand, name, type_id) VALUES (1329, "Beatrice", "2% Skimmed (Lactose free)", 884);
INSERT INTO `catalog_listings`(id, brand, name, type_id) VALUES (1330, "National", "Free Run Eggs", 895);
INSERT INTO `catalog_listings`(id, brand, name, type_id) VALUES (1331, "Beatrice", "3.25% Homogenized (Lactose free)", 885);
INSERT INTO `catalog_listings`(id, brand, name, type_id) VALUES (1332, "Primrose Farms", "Whole Milk", 886);
INSERT INTO `catalog_listings`(id, brand, name, type_id) VALUES (1333, "Vital Green", "Organic Whole milk", 887);
INSERT INTO `catalog_listings`(id, brand, name, type_id) VALUES (1334, "Franco's", "Mozzarella", 880);
INSERT INTO `catalog_listings`(id, brand, name, type_id) VALUES (1335, "Santa Lucia", "Mini Bocconcini", 876);
INSERT INTO `catalog_listings`(id, brand, name, type_id) VALUES (1336, "Beatrice", "1% Skimmed (Lactose free)", 888);
INSERT INTO `catalog_listings`(id, brand, name, type_id) VALUES (1337, "Beatrice", "2% Skimmed (Lactose free)", 884);
INSERT INTO `catalog_listings`(id, brand, name, type_id) VALUES (1338, "Beatrice", "3.25% Homogenized (Lactose free)", 885);
INSERT INTO `catalog_listings`(id, brand, name, type_id) VALUES (1339, "Fiasco", "Strawberry Rhubarb", 901);
INSERT INTO `catalog_listings`(id, brand, name, type_id) VALUES (1340, "Fiasco", "Zesty Lemon", 902);
INSERT INTO `catalog_listings`(id, brand, name, type_id) VALUES (1341, "Fiasco", "Mango Pineaapple", 903);
INSERT INTO `catalog_listings`(id, brand, name, type_id) VALUES (1342, "Fiasco", "Creamy Coconut", 904);
INSERT INTO `catalog_listings`(id, brand, name, type_id) VALUES (1343, "Fiasco", "Raspberry Lime", 905);
INSERT INTO `catalog_listings`(id, brand, name, type_id) VALUES (1344, "Fiasco", "Salted Caramel", 906);
INSERT INTO `catalog_listings`(id, brand, name, type_id) VALUES (1345, "Fiasco", "Frozen Hot Chocolate", 907);
INSERT INTO `catalog_listings`(id, brand, name, type_id) VALUES (1346, "Fiasco", "Caramel Sea Salt", 908);
INSERT INTO `catalog_listings`(id, brand, name, type_id) VALUES (1347, "Fiasco", "Blueberry Basil", 909);
INSERT INTO `catalog_listings`(id, brand, name, type_id) VALUES (1348, "Lina's Market", "Fresh Pizza Dough", 874);

/*Catalog - Description*/
INSERT INTO `catalog_listings_descriptions` (listing_id, description_key, description) VALUES (1291, 4, "Canada");
INSERT INTO `catalog_listings_descriptions` (listing_id, description_key, description) VALUES (1291, 6, "ht_ulht_liHot peppers stuffed with feta d_ht_liht_liht_bContains:d_ht_b Dairy d_ht_lid_ht_ul");
INSERT INTO `catalog_listings_descriptions` (listing_id, description_key, description) VALUES (1291, 7, "ht_ulht_liMainly used as pizza topping d_ht_lid_ht_ul");
INSERT INTO `catalog_listings_descriptions` (listing_id, description_key, description) VALUES (1291, 1, "ht_ulht_liFeeling like making your own pizza? Try our delicious hot peppers stuffed with feta as a pizza topping d_ht_liht_liMade fresh in store d_ht_lid_ht_ul");
INSERT INTO `catalog_listings_descriptions` (listing_id, description_key, description) VALUES (1292, 4, "Canada");
INSERT INTO `catalog_listings_descriptions` (listing_id, description_key, description) VALUES (1292, 6, "ht_ulht_liBlack dry infornate d_ht_lid_ht_ul");
INSERT INTO `catalog_listings_descriptions` (listing_id, description_key, description) VALUES (1293, 4, "Canada");
INSERT INTO `catalog_listings_descriptions` (listing_id, description_key, description) VALUES (1293, 6, "ht_ulht_liGrilled peppers d_ht_liht_liht_bContains:d_ht_b Dairy d_ht_lid_ht_ul");
INSERT INTO `catalog_listings_descriptions` (listing_id, description_key, description) VALUES (1293, 7, "ht_ulht_liPerfect for pizza topping or mouthwatering sandwich d_ht_lid_ht_ul");
INSERT INTO `catalog_listings_descriptions` (listing_id, description_key, description) VALUES (1293, 1, "ht_ulht_liFeeling like making your own pizza? Try our delicious bbq peppers with perfect balance of garlic taste d_ht_liht_liMade fresh in store d_ht_lid_ht_ul");
INSERT INTO `catalog_listings_descriptions` (listing_id, description_key, description) VALUES (1294, 4, "Canada");
INSERT INTO `catalog_listings_descriptions` (listing_id, description_key, description) VALUES (1294, 6, "ht_ulht_liKalamata pitted d_ht_lid_ht_ul");
INSERT INTO `catalog_listings_descriptions` (listing_id, description_key, description) VALUES (1295, 4, "Canada");
INSERT INTO `catalog_listings_descriptions` (listing_id, description_key, description) VALUES (1296, 4, "Canada");
INSERT INTO `catalog_listings_descriptions` (listing_id, description_key, description) VALUES (1296, 6, "ht_ulht_liBlack olivesd_ht_lid_ht_ul");
INSERT INTO `catalog_listings_descriptions` (listing_id, description_key, description) VALUES (1296, 7, "ht_ulht_liPerfect as pizza topping d_ht_lid_ht_ul");
INSERT INTO `catalog_listings_descriptions` (listing_id, description_key, description) VALUES (1297, 4, "Canada");
INSERT INTO `catalog_listings_descriptions` (listing_id, description_key, description) VALUES (1298, 4, "Canada");
INSERT INTO `catalog_listings_descriptions` (listing_id, description_key, description) VALUES (1298, 7, "ht_ulht_liPerfect as pizza topping d_ht_lid_ht_ul");
INSERT INTO `catalog_listings_descriptions` (listing_id, description_key, description) VALUES (1299, 4, "Canada");
INSERT INTO `catalog_listings_descriptions` (listing_id, description_key, description) VALUES (1299, 6, "ht_ulht_liMozarella d_ht_lid_ht_ul");
INSERT INTO `catalog_listings_descriptions` (listing_id, description_key, description) VALUES (1299, 7, "ht_ulht_liPerfect as pizza topping d_ht_lid_ht_ul");
INSERT INTO `catalog_listings_descriptions` (listing_id, description_key, description) VALUES (1300, 4, "Canada");
INSERT INTO `catalog_listings_descriptions` (listing_id, description_key, description) VALUES (1300, 6, "ht_ulht_liParmesan shredded salerno d_ht_lid_ht_ul");
INSERT INTO `catalog_listings_descriptions` (listing_id, description_key, description) VALUES (1300, 7, "ht_ulht_liPerfect as pizza topping d_ht_lid_ht_ul");
INSERT INTO `catalog_listings_descriptions` (listing_id, description_key, description) VALUES (1301, 4, "Canada");
INSERT INTO `catalog_listings_descriptions` (listing_id, description_key, description) VALUES (1301, 6, "ht_ulht_liMozarella cheesed_ht_lid_ht_ul");
INSERT INTO `catalog_listings_descriptions` (listing_id, description_key, description) VALUES (1302, 4, "Canada");
INSERT INTO `catalog_listings_descriptions` (listing_id, description_key, description) VALUES (1303, 4, "Canada");
INSERT INTO `catalog_listings_descriptions` (listing_id, description_key, description) VALUES (1304, 4, "Canada");
INSERT INTO `catalog_listings_descriptions` (listing_id, description_key, description) VALUES (1305, 4, "Canada");
INSERT INTO `catalog_listings_descriptions` (listing_id, description_key, description) VALUES (1306, 4, "Canada");
INSERT INTO `catalog_listings_descriptions` (listing_id, description_key, description) VALUES (1307, 4, "Canada");
INSERT INTO `catalog_listings_descriptions` (listing_id, description_key, description) VALUES (1308, 4, "Canada");
INSERT INTO `catalog_listings_descriptions` (listing_id, description_key, description) VALUES (1308, 6, "ht_ulht_li25% M.F.d_ht_li ht_li45% Moistured_ht_lid_ht_ul");
INSERT INTO `catalog_listings_descriptions` (listing_id, description_key, description) VALUES (1308, 7, "ht_bTwo Celery Bisqued_ht_bDirections:ht_ulht_liIn a soup pot, melt the butter and cook the bacon for a few minutes without browning. Add the leek, onion, celery and bay leaf. Sweat for about 10 minutes without browning d_ht_liht_liAdd the celeriac and sweat another 5 minutes. Add the stock and potatoes and bring to a full boil. Reduce the heat, cover and simmer about 30 minutes. Remove the bay leaf d_ht_liht_liBlend the soup until smooth and strain to remove the fibers. Season to taste and adjust the consistency with a little milk, if necessary d_ht_liht_liJust before serving, reheat the soup on the stovetop and when it is very hot, add the cheese, whisking until it melts. Serve immediately, garnished with croutons and celery leaves d_ht_lid_ht_ulIngredients:ht_ulht_li45 ml (3 tbsp) salted butterd_ht_liht_li4 bacon slices cut in small stripsd_ht_liht_li1 leek, white part only, sliced thinlyd_ht_liht_li375 ml (1 1/2 cup) onion, choppedd_ht_liht_li3 celery stalks sliced thinlyd_ht_liht_li1 bay leafd_ht_liht_li800 g (1 lb 12 oz) celeriac, peeled, cut in 1 cm (1/2 in) diced_ht_liht_li1.25 L (5 cups) chicken stockd_ht_liht_liTo taste freshly ground salt and pepperd_ht_liht_li150 g (250 ml /1 cup) Saputo smoked Caciocavallo cheese, gratedd_ht_liht_liSufficient quantity of croutonsd_ht_liht_liSufficient quantity of celery heart leavesd_ht_lid_ht_ul");
INSERT INTO `catalog_listings_descriptions` (listing_id, description_key, description) VALUES (1309, 4, "Canada");
INSERT INTO `catalog_listings_descriptions` (listing_id, description_key, description) VALUES (1309, 6, "ht_ulht_li25% M.F.d_ht_li ht_li45% Moistured_ht_lid_ht_ul");
INSERT INTO `catalog_listings_descriptions` (listing_id, description_key, description) VALUES (1309, 7, "ht_bHorseradish Beer Cheesed_ht_bDirections: ht_ulht_liIn bowl, stir together bacon, sour cream, mayonnaise, horseradish, lemon juice, Worcestershire sauce and salt (optional)d_ht_liht_liMelt butter in a saucepan set over medium heat. Add flour, garlic, Worcestershire sauce and mustard; cook stirring constantly, for 1 minuted_ht_liht_liGradually whisk in beer. Bring to a gentle simmer. Reduce heat to low. Whisk in sour cream until well combined and heated through. Gradually whisk in cheese until melted. Season with pepper (adjust to taste). Serve warm, in a chafing dish, with dippers on the sided_ht_lid_ht_ulIngredients:ht_ulht_li1 tbsp (15 mL) Butterd_ht_liht_li1 tbsp (15 mL) All Purpose Flourd_ht_liht_li1 Garlic Clove gratedd_ht_liht_li2 tsp (10 mL) Worcestershire Sauced_ht_liht_li1/4 cup (50 mL) Sour Creamd_ht_liht_li2 cups (500 mL) Ivanhoe Horseradish Cheddar d_ht_lid_ht_ul");
INSERT INTO `catalog_listings_descriptions` (listing_id, description_key, description) VALUES (1310, 4, "France");
INSERT INTO `catalog_listings_descriptions` (listing_id, description_key, description) VALUES (1310, 7, "ht_bReinvented Sweet Potato Casserole.d_ht_b Roasted sweet potato rounds, with cheese spread, brown sugar and crushed pecans turn your favorite Thanksgiving side dish into your new favorite anytime snack. Ingredients:ht_ulht_li1 wedge of The Laughing Cow® cheesed_ht_liht_liRoasted sweet potato roundsd_ht_liht_liCrushed pecansd_ht_liht_liSprinkle of brown sugard_ht_lid_ht_ulDress the roasted sweet potato rounds using a wedge The Laughing Cow® cheese. Add the crushed pecans, top with a sprinkle of brown sugar, and your faux casserole is ready to roll");
INSERT INTO `catalog_listings_descriptions` (listing_id, description_key, description) VALUES (1311, 4, "France");
INSERT INTO `catalog_listings_descriptions` (listing_id, description_key, description) VALUES (1311, 7, "ht_bReinvented Sweet Potato Casserole.d_ht_b Roasted sweet potato rounds, with cheese spread, brown sugar and crushed pecans turn your favorite Thanksgiving side dish into your new favorite anytime snack. Ingredients:ht_ulht_li1 wedge of The Laughing Cow® cheesed_ht_liht_liRoasted sweet potato roundsd_ht_liht_liCrushed pecansd_ht_liht_liSprinkle of brown sugard_ht_lid_ht_ulDress the roasted sweet potato rounds using a wedge The Laughing Cow® cheese. Add the crushed pecans, top with a sprinkle of brown sugar, and your faux casserole is ready to roll");
INSERT INTO `catalog_listings_descriptions` (listing_id, description_key, description) VALUES (1312, 4, "Italy");
INSERT INTO `catalog_listings_descriptions` (listing_id, description_key, description) VALUES (1312, 6, "ht_ulht_li26% M.F.d_ht_li ht_li43% Moistured_ht_li ht_liMilk, rennet, salt, hexamethylenetetramined_ht_li d_ht_ul");
INSERT INTO `catalog_listings_descriptions` (listing_id, description_key, description) VALUES (1313, 4, "Canada");
INSERT INTO `catalog_listings_descriptions` (listing_id, description_key, description) VALUES (1313, 6, "ht_ulht_li26% M.F.d_ht_li ht_li43% Moistured_ht_li d_ht_ul");
INSERT INTO `catalog_listings_descriptions` (listing_id, description_key, description) VALUES (1314, 4, "USA");
INSERT INTO `catalog_listings_descriptions` (listing_id, description_key, description) VALUES (1314, 6, "ht_ulht_li50% M.F.d_ht_li ht_li44% Moistured_ht_li d_ht_ul");
INSERT INTO `catalog_listings_descriptions` (listing_id, description_key, description) VALUES (1315, 4, "Canada");
INSERT INTO `catalog_listings_descriptions` (listing_id, description_key, description) VALUES (1316, 4, "Canada");
INSERT INTO `catalog_listings_descriptions` (listing_id, description_key, description) VALUES (1316, 6, "ht_ulht_liolive oil, onion, garlic, carrot, celery, tomato paste, basil, oregano, parsley, Italian seasoning, cayenne pepper, black pepper, salt, ground beef, ricotta cheese, panko bread crumbs, local durum semolina, local eggs, water d_ht_li d_ht_ul");
INSERT INTO `catalog_listings_descriptions` (listing_id, description_key, description) VALUES (1317, 4, "Canada");
INSERT INTO `catalog_listings_descriptions` (listing_id, description_key, description) VALUES (1317, 6, "ht_ulht_licrimini mushrooms, portobello mushrooms, porcini powder, onion, garlic, ricotta, panko bread crumbs, salt, pepper, parsley, tarragon, egg yolks, local durum semolina d_ht_li d_ht_ul");
INSERT INTO `catalog_listings_descriptions` (listing_id, description_key, description) VALUES (1318, 4, "Canada");
INSERT INTO `catalog_listings_descriptions` (listing_id, description_key, description) VALUES (1318, 6, "ht_ulht_lipasture raised local chicken, sundried tomatoes, basil, ricotta, salt, pepper, local durum semolina, local eggs, water d_ht_li d_ht_ul");
INSERT INTO `catalog_listings_descriptions` (listing_id, description_key, description) VALUES (1319, 4, "Canada");
INSERT INTO `catalog_listings_descriptions` (listing_id, description_key, description) VALUES (1319, 6, "ht_ulht_lilamb, onion, garlic, celery, carrot, rosemary, sage, Italian seasoning, parmesan cheese, ricotta cheese, panko bread crumbs, salt, pepper, local durum semolina flour, water, local eggs, olive oil d_ht_li d_ht_ul");
INSERT INTO `catalog_listings_descriptions` (listing_id, description_key, description) VALUES (1320, 4, "Canada");
INSERT INTO `catalog_listings_descriptions` (listing_id, description_key, description) VALUES (1320, 6, "ht_ulht_liricotta cheese, cream cheese, mozzarella cheese, parmesan cheese, eggs, parsley, local durum semolina, local eggs, water d_ht_li d_ht_ul");
INSERT INTO `catalog_listings_descriptions` (listing_id, description_key, description) VALUES (1321, 4, "Italy");
INSERT INTO `catalog_listings_descriptions` (listing_id, description_key, description) VALUES (1321, 6, "ht_ulht_lipork leg, saltd_ht_li d_ht_ul");
INSERT INTO `catalog_listings_descriptions` (listing_id, description_key, description) VALUES (1322, 4, "Italy");
INSERT INTO `catalog_listings_descriptions` (listing_id, description_key, description) VALUES (1322, 6, "ht_ulht_lipork meat, sea salt, black truffle (2.5%), natural flavoring. Dextrose, spices, sodium ascorbate, potassium nitrate, sodium nitrite.  d_ht_li d_ht_ul");
INSERT INTO `catalog_listings_descriptions` (listing_id, description_key, description) VALUES (1323, 4, "Canada");
INSERT INTO `catalog_listings_descriptions` (listing_id, description_key, description) VALUES (1323, 6, "ht_ulht_lipork, salt, dextrose, spices, spice extracts, sodium ascorbate, starter culture, garlic, sodium nitrate, sodium nitrite.  d_ht_li d_ht_ul");
INSERT INTO `catalog_listings_descriptions` (listing_id, description_key, description) VALUES (1324, 4, "Canada");
INSERT INTO `catalog_listings_descriptions` (listing_id, description_key, description) VALUES (1324, 6, "ht_ulht_lipork, salt, dextrose, spices, red wine, sodium ascorbate, starter culture, garlic, sodium nitrate, sodium nitrited_ht_li d_ht_ul");
INSERT INTO `catalog_listings_descriptions` (listing_id, description_key, description) VALUES (1325, 4, "Canada");
INSERT INTO `catalog_listings_descriptions` (listing_id, description_key, description) VALUES (1326, 4, "Canada");
INSERT INTO `catalog_listings_descriptions` (listing_id, description_key, description) VALUES (1327, 4, "Canada");
INSERT INTO `catalog_listings_descriptions` (listing_id, description_key, description) VALUES (1328, 4, "Canada");
INSERT INTO `catalog_listings_descriptions` (listing_id, description_key, description) VALUES (1328, 6, "ht_ulht_li12 dark yolk eggsd_ht_li d_ht_ul");
INSERT INTO `catalog_listings_descriptions` (listing_id, description_key, description) VALUES (1329, 4, "Canada");
INSERT INTO `catalog_listings_descriptions` (listing_id, description_key, description) VALUES (1329, 6, "ht_ulht_li2% M.F.d_ht_li d_ht_ul");
INSERT INTO `catalog_listings_descriptions` (listing_id, description_key, description) VALUES (1329, 1, "ht_ulht_liBeatrice has been providing families with the wholesome benefits and great taste of milk for generations. All Beatrice milk products are made with milk from local dairy farmers, who are an integral part of the local economyd_ht_li d_ht_ul");
INSERT INTO `catalog_listings_descriptions` (listing_id, description_key, description) VALUES (1330, 4, "Canada");
INSERT INTO `catalog_listings_descriptions` (listing_id, description_key, description) VALUES (1330, 6, "ht_ulht_li12 eggsd_ht_li d_ht_ul");
INSERT INTO `catalog_listings_descriptions` (listing_id, description_key, description) VALUES (1331, 4, "Canada");
INSERT INTO `catalog_listings_descriptions` (listing_id, description_key, description) VALUES (1331, 6, "ht_ulht_li3.25% M.F.d_ht_li d_ht_ul");
INSERT INTO `catalog_listings_descriptions` (listing_id, description_key, description) VALUES (1331, 1, "ht_ulht_liBeatrice has been providing families with the wholesome benefits and great taste of milk for generations. All Beatrice milk products are made with milk from local dairy farmers, who are an integral part of the local economyd_ht_lid_ht_ul");
INSERT INTO `catalog_listings_descriptions` (listing_id, description_key, description) VALUES (1332, 4, "Canada");
INSERT INTO `catalog_listings_descriptions` (listing_id, description_key, description) VALUES (1332, 6, "ht_ulht_limilk, vitamin Dd_ht_liht_li4% B.F.d_ht_li d_ht_ul");
INSERT INTO `catalog_listings_descriptions` (listing_id, description_key, description) VALUES (1333, 4, "Canada");
INSERT INTO `catalog_listings_descriptions` (listing_id, description_key, description) VALUES (1333, 6, "ht_ulht_li3.5% M.F.d_ht_li d_ht_ul");
INSERT INTO `catalog_listings_descriptions` (listing_id, description_key, description) VALUES (1334, 4, "Canada");
INSERT INTO `catalog_listings_descriptions` (listing_id, description_key, description) VALUES (1334, 6, "ht_ulht_limilk and modified milkd_ht_li ht_li52% Moistured_ht_liht_li20% M.F.d_ht_lid_ht_ul");
INSERT INTO `catalog_listings_descriptions` (listing_id, description_key, description) VALUES (1335, 4, "Canada");
INSERT INTO `catalog_listings_descriptions` (listing_id, description_key, description) VALUES (1335, 6, "ht_ulht_lipasteurized milk, microbial enzyme, bacterial culture, calcium chlorided_ht_liht_li54% Moistured_ht_liht_li24% M.F.d_ht_lid_ht_ul");
INSERT INTO `catalog_listings_descriptions` (listing_id, description_key, description) VALUES (1336, 4, "Canada");
INSERT INTO `catalog_listings_descriptions` (listing_id, description_key, description) VALUES (1336, 6, "ht_ulht_lipartly skimmed milk, Vitamin A palmitate and Vitamin D3. Contains: Milkd_ht_li d_ht_ul");
INSERT INTO `catalog_listings_descriptions` (listing_id, description_key, description) VALUES (1336, 1, "ht_ulht_liBeatrice has been providing families with the wholesome benefits and great taste of milk for generations. All Beatrice milk products are made with milk from local dairy farmers, who are an integral part of the local economyd_ht_li d_ht_ul");
INSERT INTO `catalog_listings_descriptions` (listing_id, description_key, description) VALUES (1337, 4, "Canada");
INSERT INTO `catalog_listings_descriptions` (listing_id, description_key, description) VALUES (1337, 6, "ht_ulht_lipartly skimmed milk, Vitamin A palmitate and Vitamin D3. d_ht_li ht_liht_bContains:d_ht_b Milkd_ht_li d_ht_ul");
INSERT INTO `catalog_listings_descriptions` (listing_id, description_key, description) VALUES (1337, 1, "ht_ulht_liBeatrice has been providing families with the wholesome benefits and great taste of milk for generations. All Beatrice milk products are made with milk from local dairy farmers, who are an integral part of the local economyd_ht_li d_ht_ul");
INSERT INTO `catalog_listings_descriptions` (listing_id, description_key, description) VALUES (1338, 4, "Canada");
INSERT INTO `catalog_listings_descriptions` (listing_id, description_key, description) VALUES (1338, 6, "ht_ulht_lipartly skimmed milk, Vitamin A palmitate and Vitamin D3. d_ht_li ht_liht_bContains:d_ht_b Milkd_ht_li d_ht_ul");
INSERT INTO `catalog_listings_descriptions` (listing_id, description_key, description) VALUES (1338, 1, "ht_ulht_liBeatrice has been providing families with the wholesome benefits and great taste of milk for generations. All Beatrice milk products are made with milk from local dairy farmers, who are an integral part of the local economyd_ht_li d_ht_ul");
INSERT INTO `catalog_listings_descriptions` (listing_id, description_key, description) VALUES (1339, 4, "Canada");
INSERT INTO `catalog_listings_descriptions` (listing_id, description_key, description) VALUES (1339, 6, "ht_ulht_liWater, cane sugar, strawberries, rhubarb, plant derived stabilizer base (organic rice syrup solids, locust bean gum, guar gum) d_ht_li d_ht_ul");
INSERT INTO `catalog_listings_descriptions` (listing_id, description_key, description) VALUES (1339, 7, "ht_ulht_liFor an authentic experience, fiasco is the best enjoyed when served at -11C. Although you may not be able to resist. Remove your favorite pint from freezer and allow it to temper for 3 to 5 minutes… You will thank us later d_ht_lid_ht_ul");
INSERT INTO `catalog_listings_descriptions` (listing_id, description_key, description) VALUES (1340, 4, "Canada");
INSERT INTO `catalog_listings_descriptions` (listing_id, description_key, description) VALUES (1340, 6, "ht_ulht_liWater, cane sugar, fresh lemon juice, plant derived stabilizer base (organic rice syrup solids, locust bean gum, guar gum) d_ht_li d_ht_ul");
INSERT INTO `catalog_listings_descriptions` (listing_id, description_key, description) VALUES (1340, 7, "ht_ulht_liFor an authentic experience, fiasco is the best enjoyed when served at -11C. Although you may not be able to resist. Remove your favorite pint from freezer and allow it to temper for 3 to 5 minutes… You will thank us later d_ht_lid_ht_ul");
INSERT INTO `catalog_listings_descriptions` (listing_id, description_key, description) VALUES (1341, 4, "Canada");
INSERT INTO `catalog_listings_descriptions` (listing_id, description_key, description) VALUES (1341, 6, "ht_ulht_liwater, cane sugar, alphonso mangoes, pineapple juice, plant derived stabilizer base (organic rice syrup solids, locust bean gum, guar gum), ascorbic acidd_ht_li d_ht_ul");
INSERT INTO `catalog_listings_descriptions` (listing_id, description_key, description) VALUES (1341, 7, "ht_ulht_liFor an authentic experience, fiasco is the best enjoyed when served at -11C. Although you may not be able to resist. Remove your favorite pint from freezer and allow it to temper for 3 to 5 minutes… You will thank us later d_ht_lid_ht_ul");
INSERT INTO `catalog_listings_descriptions` (listing_id, description_key, description) VALUES (1342, 4, "Canada");
INSERT INTO `catalog_listings_descriptions` (listing_id, description_key, description) VALUES (1342, 6, "ht_ulht_liwater, cane sugar, coconut milk, plant derived stabilizer base (organic rice syrup solids, locust bean gum, guar gum) d_ht_li d_ht_ul");
INSERT INTO `catalog_listings_descriptions` (listing_id, description_key, description) VALUES (1342, 7, "ht_ulht_liFor an authentic experience, fiasco is the best enjoyed when served at -11C. Although you may not be able to resist. Remove your favorite pint from freezer and allow it to temper for 3 to 5 minutes… You will thank us later d_ht_lid_ht_ul");
INSERT INTO `catalog_listings_descriptions` (listing_id, description_key, description) VALUES (1343, 4, "Canada");
INSERT INTO `catalog_listings_descriptions` (listing_id, description_key, description) VALUES (1343, 6, "ht_ulht_liWater, raspberries, cane sugar, plant derived stabilizer base (organic rice syrup solids, locust bean gum, guar gum), lime juice d_ht_li d_ht_ul");
INSERT INTO `catalog_listings_descriptions` (listing_id, description_key, description) VALUES (1343, 7, "ht_ulht_liFor an authentic experience, fiasco is the best enjoyed when served at -11C. Although you may not be able to resist. Remove your favorite pint from freezer and allow it to temper for 3 to 5 minutes… You will thank us later d_ht_lid_ht_ul");
INSERT INTO `catalog_listings_descriptions` (listing_id, description_key, description) VALUES (1344, 4, "Canada");
INSERT INTO `catalog_listings_descriptions` (listing_id, description_key, description) VALUES (1344, 6, "ht_ulht_limilk, cane sugar, cream, caramel, stabilizer base (organic rice syrup solids, guar gum, locust bean gum, skim milk powder), sea salt, burnt sugar, water, coconut oil d_ht_li d_ht_ul");
INSERT INTO `catalog_listings_descriptions` (listing_id, description_key, description) VALUES (1344, 7, "ht_ulht_liFor an authentic experience, fiasco is the best enjoyed when served at -11C. Although you may not be able to resist. Remove your favorite pint from freezer and allow it to temper for 3 to 5 minutes… You will thank us later d_ht_lid_ht_ul");
INSERT INTO `catalog_listings_descriptions` (listing_id, description_key, description) VALUES (1345, 4, "Canada");
INSERT INTO `catalog_listings_descriptions` (listing_id, description_key, description) VALUES (1345, 6, "ht_ulht_limilk, cane sugar, sweetened condensed milk, stabilizer base (organic rice syrup solids, guar gum, locust bean gum, skim milk powder), cream, cocoa, homemade mallows (water, cane sugar, unpasteurized honey, gelatin, vanilla bean extract, vanilla seeds, tragacanthin gum, sea salt), sea saltd_ht_li d_ht_ul");
INSERT INTO `catalog_listings_descriptions` (listing_id, description_key, description) VALUES (1345, 7, "ht_ulht_liFor an authentic experience, fiasco is the best enjoyed when served at -11C. Although you may not be able to resist. Remove your favorite pint from freezer and allow it to temper for 3 to 5 minutes… You will thank us later d_ht_lid_ht_ul");
INSERT INTO `catalog_listings_descriptions` (listing_id, description_key, description) VALUES (1346, 4, "Canada");
INSERT INTO `catalog_listings_descriptions` (listing_id, description_key, description) VALUES (1346, 6, "ht_ulht_limilk, cane sugar, cocoa, caramel, cream, stabilizer base (organic rice syrup solids, guar gum, locust bean gum, skim milk powder), sea salt, black cocoa, coconut oil d_ht_li d_ht_ul");
INSERT INTO `catalog_listings_descriptions` (listing_id, description_key, description) VALUES (1346, 7, "ht_ulht_liFor an authentic experience, fiasco is the best enjoyed when served at -11C. Although you may not be able to resist. Remove your favorite pint from freezer and allow it to temper for 3 to 5 minutes… You will thank us later d_ht_lid_ht_ul");
INSERT INTO `catalog_listings_descriptions` (listing_id, description_key, description) VALUES (1347, 4, "Canada");
INSERT INTO `catalog_listings_descriptions` (listing_id, description_key, description) VALUES (1347, 6, "ht_ulht_liwater, cane sugar, blueberries, plant derived stabilizer base (organic rice syrup solids, locust bean gum, guar gum), lime juice, basil d_ht_li d_ht_ul");
INSERT INTO `catalog_listings_descriptions` (listing_id, description_key, description) VALUES (1347, 7, "ht_ulht_liFor an authentic experience, fiasco is the best enjoyed when served at -11C. Although you may not be able to resist. Remove your favorite pint from freezer and allow it to temper for 3 to 5 minutes… You will thank us later d_ht_lid_ht_ul");
INSERT INTO `catalog_listings_descriptions` (listing_id, description_key, description) VALUES (1348, 4, "Canada");
INSERT INTO `catalog_listings_descriptions` (listing_id, description_key, description) VALUES (1348, 7, "ht_bPizza on a stickd_ht_bDirections:ht_ulht_liPreheat oven to 400°. In a large nonstick skillet, cook sausage over medium heat until no longer pink; drain. When cool enough to handle, cut sausage into 20 pieces. On 10 metal or wooden skewers, alternately thread sausage, vegetables and pepperoni d_ht_liht_liUnroll pizza dough onto a lightly floured surface; cut widthwise into 1-in.-wide strips. Starting at the pointed end of a prepared skewer, pierce skewer through one end of dough strip. Spiral-wrap dough strip around skewer, allowing vegetables and meats to peek through. Wrap the remaining end of dough strip around skewer above the first ingredient. Repeat with remaining dough strips and prepared skewers d_ht_liht_liArrange kabobs on a baking sheet coated with cooking spray. Bake 10-12 minutes or until vegetables are tender and pizza crust is golden. Immediately sprinkle with cheese. Serve with pizza sauce. Yield: 5 servings d_ht_lid_ht_ulIngredients: ht_ulht_li8 ounces Italian turkey sausage linksd_ht_liht_li2 cups whole fresh mushroomsd_ht_liht_li2 cups cherry tomatoesd_ht_liht_li1 medium onion cut into 1-inch piecesd_ht_liht_li1 large green pepper cut into 1-inch piecesd_ht_liht_li30 slices turkey pepperoni (2 ounces) d_ht_liht_li1 tube (13.8 ounces) refrigerated pizza crustd_ht_liht_li1-1/2 cups shredded part-skim mozzarella cheesed_ht_liht_li1-1/4 cups pizza sauce warmedd_ht_lid_ht_ul");

/*Catalog - Product*/
INSERT INTO `catalog_products`(id,listing_id, image, container_id) VALUES (7589, 1291, "cntr_1291.jpeg", 8);
INSERT INTO `catalog_products`(id,listing_id, image, container_id) VALUES (7590, 1292, "cntr_1292.jpeg", 8);
INSERT INTO `catalog_products`(id,listing_id, image, container_id) VALUES (7591, 1293, "cntr_1293.jpeg", 8);
INSERT INTO `catalog_products`(id,listing_id, image, container_id) VALUES (7592, 1294, "cntr_1294.jpeg", 8);
INSERT INTO `catalog_products`(id,listing_id, image, container_id) VALUES (7593, 1295, "cntr_1295.jpeg", 8);
INSERT INTO `catalog_products`(id,listing_id, image, container_id) VALUES (7594, 1296, "cntr_1296.jpeg", 8);
INSERT INTO `catalog_products`(id,listing_id, image, container_id) VALUES (7595, 1297, "cntr_1297.jpeg", 8);
INSERT INTO `catalog_products`(id,listing_id, image, container_id) VALUES (7596, 1298, "cntr_1298.jpeg", 8);
INSERT INTO `catalog_products`(id,listing_id, image, container_id) VALUES (7597, 1299, "cntr_1299.jpeg", 8);
INSERT INTO `catalog_products`(id,listing_id, image, container_id) VALUES (7598, 1300, "cntr_1300.jpeg", 8);
INSERT INTO `catalog_products`(id,listing_id, image, container_id) VALUES (7599, 1301, "cntr_1301.jpeg", 8);
INSERT INTO `catalog_products`(id,listing_id, image, container_id) VALUES (7600, 1302, "cntr_1302.jpeg", 8);
INSERT INTO `catalog_products`(id,listing_id, image, container_id) VALUES (7601, 1303, "cntr_1303.jpeg", 8);
INSERT INTO `catalog_products`(id,listing_id, image, container_id) VALUES (7602, 1304, "cntr_1304.jpeg", 8);
INSERT INTO `catalog_products`(id,listing_id, image, container_id) VALUES (7603, 1305, "cntr_1305.jpeg", 8);
INSERT INTO `catalog_products`(id,listing_id, image, container_id) VALUES (7604, 1306, "cntr_1306.jpeg", 8);
INSERT INTO `catalog_products`(id,listing_id, image, container_id) VALUES (7605, 1307, "cntr_1307.jpeg", 8);
INSERT INTO `catalog_products`(id,listing_id, image, container_id) VALUES (7606, 1308, "wrp_1308.jpeg", 18);
INSERT INTO `catalog_products`(id,listing_id, image, container_id) VALUES (7607, 1309, "wrp_1309.jpeg", 18);
INSERT INTO `catalog_products`(id,listing_id, image, container_id) VALUES (7608, 1310, "p_1310.jpeg", 5);
INSERT INTO `catalog_products`(id,listing_id, image, container_id) VALUES (7609, 1311, "p_1311.jpeg", 5);
INSERT INTO `catalog_products`(id,listing_id, image, container_id) VALUES (7610, 1312, "wrp_1312.jpeg", 18);
INSERT INTO `catalog_products`(id,listing_id, image, container_id) VALUES (7611, 1313, "wrp_1313.jpeg", 18);
INSERT INTO `catalog_products`(id,listing_id, image, container_id) VALUES (7612, 1314, "wrp_1314.jpeg", 18);
INSERT INTO `catalog_products`(id,listing_id, image, container_id) VALUES (7613, 1315, "wrp_1315.jpeg", 18);
INSERT INTO `catalog_products`(id,listing_id, image, container_id) VALUES (7614, 1316, "bg_1316.jpeg", 13);
INSERT INTO `catalog_products`(id,listing_id, image, container_id) VALUES (7615, 1317, "bg_1317.jpeg", 13);
INSERT INTO `catalog_products`(id,listing_id, image, container_id) VALUES (7616, 1318, "bg_1318.jpeg", 13);
INSERT INTO `catalog_products`(id,listing_id, image, container_id) VALUES (7617, 1319, "bg_1319.jpeg", 13);
INSERT INTO `catalog_products`(id,listing_id, image, container_id) VALUES (7618, 1320, "bg_1320.jpeg", 13);
INSERT INTO `catalog_products`(id,listing_id, image, container_id) VALUES (7619, 1321, "wrp_1321.jpeg", 18);
INSERT INTO `catalog_products`(id,listing_id, image, container_id) VALUES (7620, 1322, "wrp_1322.jpeg", 18);
INSERT INTO `catalog_products`(id,listing_id, image, container_id) VALUES (7621, 1323, "wrp_1323.jpeg", 18);
INSERT INTO `catalog_products`(id,listing_id, image, container_id) VALUES (7622, 1324, "wrp_1324.jpeg", 18);
INSERT INTO `catalog_products`(id,listing_id, image, container_id) VALUES (7623, 1325, "wrp_1325.jpeg", 18);
INSERT INTO `catalog_products`(id,listing_id, image, container_id) VALUES (7624, 1326, "wrp_1326.jpeg", 18);
INSERT INTO `catalog_products`(id,listing_id, image, container_id) VALUES (7625, 1327, "wrp_1327.jpeg", 18);
INSERT INTO `catalog_products`(id,listing_id, image, container_id) VALUES (7626, 1328, "cs_1328.jpeg", 16);
INSERT INTO `catalog_products`(id,listing_id, image, container_id) VALUES (7627, 1329, "jg_1329.jpeg", 15);
INSERT INTO `catalog_products`(id,listing_id, image, container_id) VALUES (7628, 1330, "cs_1330.jpeg", 16);
INSERT INTO `catalog_products`(id,listing_id, image, container_id) VALUES (7629, 1331, "jg_1331.jpeg", 15);
INSERT INTO `catalog_products`(id,listing_id, image, container_id) VALUES (7630, 1332, "jg_1332.jpeg", 15);
INSERT INTO `catalog_products`(id,listing_id, image, container_id) VALUES (7631, 1333, "jg_1333.jpeg", 15);
INSERT INTO `catalog_products`(id,listing_id, image, container_id) VALUES (7632, 1334, "wrp_1334.jpeg", 18);
INSERT INTO `catalog_products`(id,listing_id, image, container_id) VALUES (7633, 1335, "cntr_1335.jpeg", 8);
INSERT INTO `catalog_products`(id,listing_id, image, container_id) VALUES (7634, 1336, "ttpk_1336.jpeg", 17);
INSERT INTO `catalog_products`(id,listing_id, image, container_id) VALUES (7635, 1337, "ttpk_1337.jpeg", 17);
INSERT INTO `catalog_products`(id,listing_id, image, container_id) VALUES (7636, 1338, "ttpk_1338.jpeg", 17);
INSERT INTO `catalog_products`(id,listing_id, image, container_id) VALUES (7637, 1339, "jr_1339.jpeg", 6);
INSERT INTO `catalog_products`(id,listing_id, image, container_id) VALUES (7638, 1340, "jr_1340.jpeg", 6);
INSERT INTO `catalog_products`(id,listing_id, image, container_id) VALUES (7639, 1341, "jr_1341.jpeg", 6);
INSERT INTO `catalog_products`(id,listing_id, image, container_id) VALUES (7640, 1342, "jr_1342.jpeg", 6);
INSERT INTO `catalog_products`(id,listing_id, image, container_id) VALUES (7641, 1343, "jr_1343.jpeg", 6);
INSERT INTO `catalog_products`(id,listing_id, image, container_id) VALUES (7642, 1344, "jr_1344.jpeg", 6);
INSERT INTO `catalog_products`(id,listing_id, image, container_id) VALUES (7643, 1345, "jr_1345.jpeg", 6);
INSERT INTO `catalog_products`(id,listing_id, image, container_id) VALUES (7644, 1346, "jr_1346.jpeg", 6);
INSERT INTO `catalog_products`(id,listing_id, image, container_id) VALUES (7645, 1347, "jr_1347.jpeg", 6);
INSERT INTO `catalog_products`(id,listing_id, image, container_id) VALUES (7646, 1348, "wrp_1348.jpeg", 18);

/*Catalog - Item*/
INSERT INTO `catalog_items` (id, product_id, packaging_id, volume_id) VALUES (11687, 7589, 9, 16);
INSERT INTO `catalog_items` (id, product_id, packaging_id, volume_id) VALUES (11688, 7590, 9, 200);
INSERT INTO `catalog_items` (id, product_id, packaging_id, volume_id) VALUES (11689, 7591, 9, 201);
INSERT INTO `catalog_items` (id, product_id, packaging_id, volume_id) VALUES (11690, 7592, 9, 202);
INSERT INTO `catalog_items` (id, product_id, packaging_id, volume_id) VALUES (11691, 7593, 9, 201);
INSERT INTO `catalog_items` (id, product_id, packaging_id, volume_id) VALUES (11692, 7594, 9, 15);
INSERT INTO `catalog_items` (id, product_id, packaging_id, volume_id) VALUES (11693, 7595, 9, 171);
INSERT INTO `catalog_items` (id, product_id, packaging_id, volume_id) VALUES (11694, 7596, 9, 105);
INSERT INTO `catalog_items` (id, product_id, packaging_id, volume_id) VALUES (11695, 7597, 9, 16);
INSERT INTO `catalog_items` (id, product_id, packaging_id, volume_id) VALUES (11696, 7598, 9, 203);
INSERT INTO `catalog_items` (id, product_id, packaging_id, volume_id) VALUES (11697, 7599, 9, 204);
INSERT INTO `catalog_items` (id, product_id, packaging_id, volume_id) VALUES (11698, 7600, 9, 142);
INSERT INTO `catalog_items` (id, product_id, packaging_id, volume_id) VALUES (11699, 7601, 9, 69);
INSERT INTO `catalog_items` (id, product_id, packaging_id, volume_id) VALUES (11700, 7602, 9, 205);
INSERT INTO `catalog_items` (id, product_id, packaging_id, volume_id) VALUES (11701, 7603, 9, 141);
INSERT INTO `catalog_items` (id, product_id, packaging_id, volume_id) VALUES (11702, 7604, 9, 206);
INSERT INTO `catalog_items` (id, product_id, packaging_id, volume_id) VALUES (11703, 7605, 9, 94);
INSERT INTO `catalog_items` (id, product_id, packaging_id, volume_id) VALUES (11704, 7605, 9, 207);
INSERT INTO `catalog_items` (id, product_id, packaging_id, volume_id) VALUES (11705, 7606, 9, 83);
INSERT INTO `catalog_items` (id, product_id, packaging_id, volume_id) VALUES (11706, 7607, 9, 38);
INSERT INTO `catalog_items` (id, product_id, packaging_id, volume_id) VALUES (11707, 7608, 9, 17);
INSERT INTO `catalog_items` (id, product_id, packaging_id, volume_id) VALUES (11708, 7609, 9, 17);
INSERT INTO `catalog_items` (id, product_id, packaging_id, volume_id) VALUES (11709, 7610, 9, 18);
INSERT INTO `catalog_items` (id, product_id, packaging_id, volume_id) VALUES (11710, 7611, 9, 208);
INSERT INTO `catalog_items` (id, product_id, packaging_id, volume_id) VALUES (11711, 7612, 9, 22);
INSERT INTO `catalog_items` (id, product_id, packaging_id, volume_id) VALUES (11712, 7613, 9, 15);
INSERT INTO `catalog_items` (id, product_id, packaging_id, volume_id) VALUES (11713, 7613, 9, 61);
INSERT INTO `catalog_items` (id, product_id, packaging_id, volume_id) VALUES (11714, 7613, 9, 67);
INSERT INTO `catalog_items` (id, product_id, packaging_id, volume_id) VALUES (11715, 7614, 9, 21);
INSERT INTO `catalog_items` (id, product_id, packaging_id, volume_id) VALUES (11716, 7615, 9, 21);
INSERT INTO `catalog_items` (id, product_id, packaging_id, volume_id) VALUES (11717, 7616, 9, 21);
INSERT INTO `catalog_items` (id, product_id, packaging_id, volume_id) VALUES (11718, 7617, 9, 21);
INSERT INTO `catalog_items` (id, product_id, packaging_id, volume_id) VALUES (11719, 7618, 9, 21);
INSERT INTO `catalog_items` (id, product_id, packaging_id, volume_id) VALUES (11720, 7619, 9, 15);
INSERT INTO `catalog_items` (id, product_id, packaging_id, volume_id) VALUES (11721, 7619, 9, 61);
INSERT INTO `catalog_items` (id, product_id, packaging_id, volume_id) VALUES (11722, 7619, 9, 67);
INSERT INTO `catalog_items` (id, product_id, packaging_id, volume_id) VALUES (11723, 7620, 9, 15);
INSERT INTO `catalog_items` (id, product_id, packaging_id, volume_id) VALUES (11724, 7620, 9, 61);
INSERT INTO `catalog_items` (id, product_id, packaging_id, volume_id) VALUES (11725, 7620, 9, 67);
INSERT INTO `catalog_items` (id, product_id, packaging_id, volume_id) VALUES (11726, 7621, 9, 15);
INSERT INTO `catalog_items` (id, product_id, packaging_id, volume_id) VALUES (11727, 7621, 9, 61);
INSERT INTO `catalog_items` (id, product_id, packaging_id, volume_id) VALUES (11728, 7621, 9, 67);
INSERT INTO `catalog_items` (id, product_id, packaging_id, volume_id) VALUES (11729, 7622, 9, 15);
INSERT INTO `catalog_items` (id, product_id, packaging_id, volume_id) VALUES (11730, 7622, 9, 61);
INSERT INTO `catalog_items` (id, product_id, packaging_id, volume_id) VALUES (11731, 7622, 9, 67);
INSERT INTO `catalog_items` (id, product_id, packaging_id, volume_id) VALUES (11732, 7623, 9, 209);
INSERT INTO `catalog_items` (id, product_id, packaging_id, volume_id) VALUES (11733, 7624, 9, 209);
INSERT INTO `catalog_items` (id, product_id, packaging_id, volume_id) VALUES (11734, 7625, 9, 210);
INSERT INTO `catalog_items` (id, product_id, packaging_id, volume_id) VALUES (11735, 7626, 9, 211);
INSERT INTO `catalog_items` (id, product_id, packaging_id, volume_id) VALUES (11736, 7627, 9, 199);
INSERT INTO `catalog_items` (id, product_id, packaging_id, volume_id) VALUES (11737, 7628, 9, 211);
INSERT INTO `catalog_items` (id, product_id, packaging_id, volume_id) VALUES (11738, 7629, 9, 199);
INSERT INTO `catalog_items` (id, product_id, packaging_id, volume_id) VALUES (11739, 7630, 9, 33);
INSERT INTO `catalog_items` (id, product_id, packaging_id, volume_id) VALUES (11740, 7631, 9, 33);
INSERT INTO `catalog_items` (id, product_id, packaging_id, volume_id) VALUES (11741, 7632, 9, 93);
INSERT INTO `catalog_items` (id, product_id, packaging_id, volume_id) VALUES (11742, 7633, 9, 27);
INSERT INTO `catalog_items` (id, product_id, packaging_id, volume_id) VALUES (11743, 7634, 9, 33);
INSERT INTO `catalog_items` (id, product_id, packaging_id, volume_id) VALUES (11744, 7635, 9, 33);
INSERT INTO `catalog_items` (id, product_id, packaging_id, volume_id) VALUES (11745, 7636, 9, 33);
INSERT INTO `catalog_items` (id, product_id, packaging_id, volume_id) VALUES (11746, 7637, 9, 212);
INSERT INTO `catalog_items` (id, product_id, packaging_id, volume_id) VALUES (11747, 7638, 9, 212);
INSERT INTO `catalog_items` (id, product_id, packaging_id, volume_id) VALUES (11748, 7639, 9, 212);
INSERT INTO `catalog_items` (id, product_id, packaging_id, volume_id) VALUES (11749, 7640, 9, 212);
INSERT INTO `catalog_items` (id, product_id, packaging_id, volume_id) VALUES (11750, 7641, 9, 212);
INSERT INTO `catalog_items` (id, product_id, packaging_id, volume_id) VALUES (11751, 7642, 9, 212);
INSERT INTO `catalog_items` (id, product_id, packaging_id, volume_id) VALUES (11752, 7643, 9, 212);
INSERT INTO `catalog_items` (id, product_id, packaging_id, volume_id) VALUES (11753, 7644, 9, 212);
INSERT INTO `catalog_items` (id, product_id, packaging_id, volume_id) VALUES (11754, 7645, 9, 212);
INSERT INTO `catalog_items` (id, product_id, packaging_id, volume_id) VALUES (11755, 7646, 9, 213);

/*Catalog - Depot*/
INSERT INTO `catalog_depot`(id,item_id, store_type_id, price, tax) VALUES (827, 11687, 6, 4.8, 1);
INSERT INTO `catalog_depot`(id,item_id, store_type_id, price, tax) VALUES (828, 11688, 6, 2.3, 1);
INSERT INTO `catalog_depot`(id,item_id, store_type_id, price, tax) VALUES (829, 11689, 6, 2.8, 1);
INSERT INTO `catalog_depot`(id,item_id, store_type_id, price, tax) VALUES (830, 11690, 6, 2.5, 1);
INSERT INTO `catalog_depot`(id,item_id, store_type_id, price, tax) VALUES (831, 11691, 6, 3.5, 1);
INSERT INTO `catalog_depot`(id,item_id, store_type_id, price, tax) VALUES (832, 11692, 6, 1.5, 1);
INSERT INTO `catalog_depot`(id,item_id, store_type_id, price, tax) VALUES (833, 11693, 6, 4, 1);
INSERT INTO `catalog_depot`(id,item_id, store_type_id, price, tax) VALUES (834, 11694, 6, 2.1, 1);
INSERT INTO `catalog_depot`(id,item_id, store_type_id, price, tax) VALUES (835, 11695, 6, 2.4, 1);
INSERT INTO `catalog_depot`(id,item_id, store_type_id, price, tax) VALUES (836, 11696, 6, 5.1, 1);
INSERT INTO `catalog_depot`(id,item_id, store_type_id, price, tax) VALUES (837, 11697, 6, 5, 1);
INSERT INTO `catalog_depot`(id,item_id, store_type_id, price, tax) VALUES (838, 11698, 6, 2.35, 1);
INSERT INTO `catalog_depot`(id,item_id, store_type_id, price, tax) VALUES (839, 11699, 6, 3.3, 1);
INSERT INTO `catalog_depot`(id,item_id, store_type_id, price, tax) VALUES (840, 11700, 6, 2.35, 1);
INSERT INTO `catalog_depot`(id,item_id, store_type_id, price, tax) VALUES (841, 11701, 6, 3.8, 1);
INSERT INTO `catalog_depot`(id,item_id, store_type_id, price, tax) VALUES (842, 11702, 6, 2.5, 1);
INSERT INTO `catalog_depot`(id,item_id, store_type_id, price, tax) VALUES (843, 11703, 6, 2.4, 1);
INSERT INTO `catalog_depot`(id,item_id, store_type_id, price, tax) VALUES (844, 11704, 6, 4.8, 1);
INSERT INTO `catalog_depot`(id,item_id, store_type_id, price, tax) VALUES (845, 11705, 6, 7.5, 1);
INSERT INTO `catalog_depot`(id,item_id, store_type_id, price, tax) VALUES (846, 11706, 6, 12.95, 1);
INSERT INTO `catalog_depot`(id,item_id, store_type_id, price, tax) VALUES (847, 11707, 6, 5.99, 1);
INSERT INTO `catalog_depot`(id,item_id, store_type_id, price, tax) VALUES (848, 11708, 6, 5.99, 1);
INSERT INTO `catalog_depot`(id,item_id, store_type_id, price, tax) VALUES (849, 11709, 6, 11.99, 1);
INSERT INTO `catalog_depot`(id,item_id, store_type_id, price, tax) VALUES (850, 11710, 6, 12.99, 1);
INSERT INTO `catalog_depot`(id,item_id, store_type_id, price, tax) VALUES (851, 11711, 6, 11.99, 1);
INSERT INTO `catalog_depot`(id,item_id, store_type_id, price, tax) VALUES (852, 11712, 6, 1.99, 1);
INSERT INTO `catalog_depot`(id,item_id, store_type_id, price, tax) VALUES (853, 11713, 6, 9.95, 1);
INSERT INTO `catalog_depot`(id,item_id, store_type_id, price, tax) VALUES (854, 11714, 6, 19.99, 1);
INSERT INTO `catalog_depot`(id,item_id, store_type_id, price, tax) VALUES (855, 11715, 6, 7.99, 1);
INSERT INTO `catalog_depot`(id,item_id, store_type_id, price, tax) VALUES (856, 11716, 6, 7.99, 1);
INSERT INTO `catalog_depot`(id,item_id, store_type_id, price, tax) VALUES (857, 11717, 6, 7.99, 1);
INSERT INTO `catalog_depot`(id,item_id, store_type_id, price, tax) VALUES (858, 11718, 6, 7.99, 1);
INSERT INTO `catalog_depot`(id,item_id, store_type_id, price, tax) VALUES (859, 11719, 6, 7.99, 1);
INSERT INTO `catalog_depot`(id,item_id, store_type_id, price, tax) VALUES (860, 11720, 6, 5.49, 1);
INSERT INTO `catalog_depot`(id,item_id, store_type_id, price, tax) VALUES (861, 11721, 6, 27.45, 1);
INSERT INTO `catalog_depot`(id,item_id, store_type_id, price, tax) VALUES (862, 11722, 6, 54.9, 1);
INSERT INTO `catalog_depot`(id,item_id, store_type_id, price, tax) VALUES (863, 11723, 6, 5.29, 1);
INSERT INTO `catalog_depot`(id,item_id, store_type_id, price, tax) VALUES (864, 11724, 6, 26.45, 1);
INSERT INTO `catalog_depot`(id,item_id, store_type_id, price, tax) VALUES (865, 11725, 6, 52.9, 1);
INSERT INTO `catalog_depot`(id,item_id, store_type_id, price, tax) VALUES (866, 11726, 6, 2.69, 1);
INSERT INTO `catalog_depot`(id,item_id, store_type_id, price, tax) VALUES (867, 11727, 6, 13.45, 1);
INSERT INTO `catalog_depot`(id,item_id, store_type_id, price, tax) VALUES (868, 11728, 6, 26.9, 1);
INSERT INTO `catalog_depot`(id,item_id, store_type_id, price, tax) VALUES (869, 11729, 6, 2.69, 1);
INSERT INTO `catalog_depot`(id,item_id, store_type_id, price, tax) VALUES (870, 11730, 6, 13.45, 1);
INSERT INTO `catalog_depot`(id,item_id, store_type_id, price, tax) VALUES (871, 11731, 6, 26.9, 1);
INSERT INTO `catalog_depot`(id,item_id, store_type_id, price, tax) VALUES (872, 11732, 6, 6.37, 1);
INSERT INTO `catalog_depot`(id,item_id, store_type_id, price, tax) VALUES (873, 11733, 6, 6.37, 1);
INSERT INTO `catalog_depot`(id,item_id, store_type_id, price, tax) VALUES (874, 11734, 6, 11.6, 1);
INSERT INTO `catalog_depot`(id,item_id, store_type_id, price, tax) VALUES (875, 11735, 6, 5.49, 1);
INSERT INTO `catalog_depot`(id,item_id, store_type_id, price, tax) VALUES (876, 11736, 6, 6.99, 1);
INSERT INTO `catalog_depot`(id,item_id, store_type_id, price, tax) VALUES (877, 11737, 6, 5.99, 1);
INSERT INTO `catalog_depot`(id,item_id, store_type_id, price, tax) VALUES (878, 11738, 6, 6.99, 1);
INSERT INTO `catalog_depot`(id,item_id, store_type_id, price, tax) VALUES (879, 11739, 6, 6.49, 1);
INSERT INTO `catalog_depot`(id,item_id, store_type_id, price, tax) VALUES (880, 11740, 6, 9.99, 1);
INSERT INTO `catalog_depot`(id,item_id, store_type_id, price, tax) VALUES (881, 11741, 6, 11.99, 1);
INSERT INTO `catalog_depot`(id,item_id, store_type_id, price, tax) VALUES (882, 11742, 6, 7.99, 1);
INSERT INTO `catalog_depot`(id,item_id, store_type_id, price, tax) VALUES (883, 11743, 6, 3.99, 1);
INSERT INTO `catalog_depot`(id,item_id, store_type_id, price, tax) VALUES (884, 11744, 6, 3.99, 1);
INSERT INTO `catalog_depot`(id,item_id, store_type_id, price, tax) VALUES (885, 11745, 6, 3.99, 1);
INSERT INTO `catalog_depot`(id,item_id, store_type_id, price, tax) VALUES (886, 11746, 6, 9.99, 1);
INSERT INTO `catalog_depot`(id,item_id, store_type_id, price, tax) VALUES (887, 11747, 6, 9.99, 1);
INSERT INTO `catalog_depot`(id,item_id, store_type_id, price, tax) VALUES (888, 11748, 6, 9.99, 1);
INSERT INTO `catalog_depot`(id,item_id, store_type_id, price, tax) VALUES (889, 11749, 6, 9.99, 1);
INSERT INTO `catalog_depot`(id,item_id, store_type_id, price, tax) VALUES (890, 11750, 6, 9.99, 1);
INSERT INTO `catalog_depot`(id,item_id, store_type_id, price, tax) VALUES (891, 11751, 6, 9.99, 1);
INSERT INTO `catalog_depot`(id,item_id, store_type_id, price, tax) VALUES (892, 11752, 6, 9.99, 1);
INSERT INTO `catalog_depot`(id,item_id, store_type_id, price, tax) VALUES (893, 11753, 6, 9.99, 1);
INSERT INTO `catalog_depot`(id,item_id, store_type_id, price, tax) VALUES (894, 11754, 6, 9.99, 1);
INSERT INTO `catalog_depot`(id,item_id, store_type_id, price, tax) VALUES (895, 11755, 6, 2.6, 1);

/*Catalog - Warehouse*/
INSERT INTO `catalog_warehouse` (id, depot_id, store_id, quantity) VALUES (350003, 827, 335, 350003);
INSERT INTO `catalog_warehouse` (id, depot_id, store_id, quantity) VALUES (350004, 828, 335, 350004);
INSERT INTO `catalog_warehouse` (id, depot_id, store_id, quantity) VALUES (350005, 829, 335, 350005);
INSERT INTO `catalog_warehouse` (id, depot_id, store_id, quantity) VALUES (350006, 830, 335, 350006);
INSERT INTO `catalog_warehouse` (id, depot_id, store_id, quantity) VALUES (350007, 831, 335, 350007);
INSERT INTO `catalog_warehouse` (id, depot_id, store_id, quantity) VALUES (350008, 832, 335, 350008);
INSERT INTO `catalog_warehouse` (id, depot_id, store_id, quantity) VALUES (350009, 833, 335, 350009);
INSERT INTO `catalog_warehouse` (id, depot_id, store_id, quantity) VALUES (350010, 834, 335, 350010);
INSERT INTO `catalog_warehouse` (id, depot_id, store_id, quantity) VALUES (350011, 835, 335, 350011);
INSERT INTO `catalog_warehouse` (id, depot_id, store_id, quantity) VALUES (350012, 836, 335, 350012);
INSERT INTO `catalog_warehouse` (id, depot_id, store_id, quantity) VALUES (350013, 837, 335, 350013);
INSERT INTO `catalog_warehouse` (id, depot_id, store_id, quantity) VALUES (350014, 838, 335, 350014);
INSERT INTO `catalog_warehouse` (id, depot_id, store_id, quantity) VALUES (350015, 839, 335, 350015);
INSERT INTO `catalog_warehouse` (id, depot_id, store_id, quantity) VALUES (350016, 840, 335, 350016);
INSERT INTO `catalog_warehouse` (id, depot_id, store_id, quantity) VALUES (350017, 841, 335, 350017);
INSERT INTO `catalog_warehouse` (id, depot_id, store_id, quantity) VALUES (350018, 842, 335, 350018);
INSERT INTO `catalog_warehouse` (id, depot_id, store_id, quantity) VALUES (350019, 843, 335, 350019);
INSERT INTO `catalog_warehouse` (id, depot_id, store_id, quantity) VALUES (350020, 844, 335, 350020);
INSERT INTO `catalog_warehouse` (id, depot_id, store_id, quantity) VALUES (350021, 845, 335, 350021);
INSERT INTO `catalog_warehouse` (id, depot_id, store_id, quantity) VALUES (350022, 846, 335, 350022);
INSERT INTO `catalog_warehouse` (id, depot_id, store_id, quantity) VALUES (350023, 847, 335, 350023);
INSERT INTO `catalog_warehouse` (id, depot_id, store_id, quantity) VALUES (350024, 848, 335, 350024);
INSERT INTO `catalog_warehouse` (id, depot_id, store_id, quantity) VALUES (350025, 849, 335, 350025);
INSERT INTO `catalog_warehouse` (id, depot_id, store_id, quantity) VALUES (350026, 850, 335, 350026);
INSERT INTO `catalog_warehouse` (id, depot_id, store_id, quantity) VALUES (350027, 851, 335, 350027);
INSERT INTO `catalog_warehouse` (id, depot_id, store_id, quantity) VALUES (350028, 852, 335, 350028);
INSERT INTO `catalog_warehouse` (id, depot_id, store_id, quantity) VALUES (350029, 853, 335, 350029);
INSERT INTO `catalog_warehouse` (id, depot_id, store_id, quantity) VALUES (350030, 854, 335, 350030);
INSERT INTO `catalog_warehouse` (id, depot_id, store_id, quantity) VALUES (350031, 855, 335, 350031);
INSERT INTO `catalog_warehouse` (id, depot_id, store_id, quantity) VALUES (350032, 856, 335, 350032);
INSERT INTO `catalog_warehouse` (id, depot_id, store_id, quantity) VALUES (350033, 857, 335, 350033);
INSERT INTO `catalog_warehouse` (id, depot_id, store_id, quantity) VALUES (350034, 858, 335, 350034);
INSERT INTO `catalog_warehouse` (id, depot_id, store_id, quantity) VALUES (350035, 859, 335, 350035);
INSERT INTO `catalog_warehouse` (id, depot_id, store_id, quantity) VALUES (350036, 860, 335, 350036);
INSERT INTO `catalog_warehouse` (id, depot_id, store_id, quantity) VALUES (350037, 861, 335, 350037);
INSERT INTO `catalog_warehouse` (id, depot_id, store_id, quantity) VALUES (350038, 862, 335, 350038);
INSERT INTO `catalog_warehouse` (id, depot_id, store_id, quantity) VALUES (350039, 863, 335, 350039);
INSERT INTO `catalog_warehouse` (id, depot_id, store_id, quantity) VALUES (350040, 864, 335, 350040);
INSERT INTO `catalog_warehouse` (id, depot_id, store_id, quantity) VALUES (350041, 865, 335, 350041);
INSERT INTO `catalog_warehouse` (id, depot_id, store_id, quantity) VALUES (350042, 866, 335, 350042);
INSERT INTO `catalog_warehouse` (id, depot_id, store_id, quantity) VALUES (350043, 867, 335, 350043);
INSERT INTO `catalog_warehouse` (id, depot_id, store_id, quantity) VALUES (350044, 868, 335, 350044);
INSERT INTO `catalog_warehouse` (id, depot_id, store_id, quantity) VALUES (350045, 869, 335, 350045);
INSERT INTO `catalog_warehouse` (id, depot_id, store_id, quantity) VALUES (350046, 870, 335, 350046);
INSERT INTO `catalog_warehouse` (id, depot_id, store_id, quantity) VALUES (350047, 871, 335, 350047);
INSERT INTO `catalog_warehouse` (id, depot_id, store_id, quantity) VALUES (350048, 872, 335, 350048);
INSERT INTO `catalog_warehouse` (id, depot_id, store_id, quantity) VALUES (350049, 873, 335, 350049);
INSERT INTO `catalog_warehouse` (id, depot_id, store_id, quantity) VALUES (350050, 874, 335, 350050);
INSERT INTO `catalog_warehouse` (id, depot_id, store_id, quantity) VALUES (350051, 875, 335, 350051);
INSERT INTO `catalog_warehouse` (id, depot_id, store_id, quantity) VALUES (350052, 876, 335, 350052);
INSERT INTO `catalog_warehouse` (id, depot_id, store_id, quantity) VALUES (350053, 877, 335, 350053);
INSERT INTO `catalog_warehouse` (id, depot_id, store_id, quantity) VALUES (350054, 878, 335, 350054);
INSERT INTO `catalog_warehouse` (id, depot_id, store_id, quantity) VALUES (350055, 879, 335, 350055);
INSERT INTO `catalog_warehouse` (id, depot_id, store_id, quantity) VALUES (350056, 880, 335, 350056);
INSERT INTO `catalog_warehouse` (id, depot_id, store_id, quantity) VALUES (350057, 881, 335, 350057);
INSERT INTO `catalog_warehouse` (id, depot_id, store_id, quantity) VALUES (350058, 882, 335, 350058);
INSERT INTO `catalog_warehouse` (id, depot_id, store_id, quantity) VALUES (350059, 883, 335, 350059);
INSERT INTO `catalog_warehouse` (id, depot_id, store_id, quantity) VALUES (350060, 884, 335, 350060);
INSERT INTO `catalog_warehouse` (id, depot_id, store_id, quantity) VALUES (350061, 885, 335, 350061);
INSERT INTO `catalog_warehouse` (id, depot_id, store_id, quantity) VALUES (350062, 886, 335, 350062);
INSERT INTO `catalog_warehouse` (id, depot_id, store_id, quantity) VALUES (350063, 887, 335, 350063);
INSERT INTO `catalog_warehouse` (id, depot_id, store_id, quantity) VALUES (350064, 888, 335, 350064);
INSERT INTO `catalog_warehouse` (id, depot_id, store_id, quantity) VALUES (350065, 889, 335, 350065);
INSERT INTO `catalog_warehouse` (id, depot_id, store_id, quantity) VALUES (350066, 890, 335, 350066);
INSERT INTO `catalog_warehouse` (id, depot_id, store_id, quantity) VALUES (350067, 891, 335, 350067);
INSERT INTO `catalog_warehouse` (id, depot_id, store_id, quantity) VALUES (350068, 892, 335, 350068);
INSERT INTO `catalog_warehouse` (id, depot_id, store_id, quantity) VALUES (350069, 893, 335, 350069);
INSERT INTO `catalog_warehouse` (id, depot_id, store_id, quantity) VALUES (350070, 894, 335, 350070);
INSERT INTO `catalog_warehouse` (id, depot_id, store_id, quantity) VALUES (350071, 895, 335, 350071);


/*Catalog - Images*/
INSERT INTO `catalog_products_images`(product_id, image_key, image) VALUES(7627, 1, "ntr_jg_1329.jpeg");
INSERT INTO `catalog_products_images`(product_id, image_key, image) VALUES(7631, 1, "ntr_jg_1333.jpeg");
INSERT INTO `catalog_products_images`(product_id, image_key, image) VALUES(7634, 1, "ntr_ttpk_1336.jpeg");
INSERT INTO `catalog_products_images`(product_id, image_key, image) VALUES(7635, 1, "ntr_ttpk_1337.jpeg");
INSERT INTO `catalog_products_images`(product_id, image_key, image) VALUES(7636, 1, "ntr_ttpk_1338.jpeg");
INSERT INTO `catalog_products_images`(product_id, image_key, image) VALUES(7632, 1, "ntr_wrp_1334.jpeg");
INSERT INTO `catalog_products_images`(product_id, image_key, image) VALUES(7613, 1, "ntr_wrp_1315.jpeg");
INSERT INTO `catalog_products_images`(product_id, image_key, image) VALUES(7619, 1, "ntr_wrp_1321.jpeg");
INSERT INTO `catalog_products_images`(product_id, image_key, image) VALUES(7620, 1, "ntr_wrp_1322.jpeg");
INSERT INTO `catalog_products_images`(product_id, image_key, image) VALUES(7621, 1, "ntr_wrp_1323.jpeg");
INSERT INTO `catalog_products_images`(product_id, image_key, image) VALUES(7622, 1, "ntr_wrp_1324.jpeg");
